cardId	name	type	cost	attack	health	durability	text	mechanics	playerClass	cardSet	rarity
CS2_189	Elven Archer	Minion	1	1	1	NA	<b>Battlecry:</b> Deal 1 damage.	Battlecry	NA	Basic	Common
CS1_042	Goldshire Footman	Minion	1	1	2	NA	<b>Taunt</b>	Taunt	NA	Basic	Common
EX1_508	Grimscale Oracle	Minion	1	1	1	NA	ALL other Murlocs have +1 Attack.	NA	NA	Basic	Common
CS2_168	Murloc Raider	Minion	1	2	1	NA	NA	NA	NA	Basic	Free
CS2_235	Northshire Cleric	Minion	1	1	3	NA	Whenever a minion is healed, draw a card.	HealTarget	Priest	Basic	Free
CS2_171	Stonetusk Boar	Minion	1	1	1	NA	<b>Charge</b>	Charge	NA	Basic	Free
DS1_175	Timber Wolf	Minion	1	1	1	NA	Your other Beasts have +1 Attack.	Aura	Hunter	Basic	Free
CS2_065	Voidwalker	Minion	1	1	3	NA	<b>Taunt</b>	Taunt	Warlock	Basic	Free
EX1_011	Voodoo Doctor	Minion	1	2	1	NA	<b>Battlecry:</b> Restore 2 Health.	Battlecry	NA	Basic	Free
EX1_066	Acidic Swamp Ooze	Minion	2	3	2	NA	<b>Battlecry:</b> Destroy your opponent's weapon.	Battlecry	NA	Basic	Common
CS2_172	Bloodfen Raptor	Minion	2	3	2	NA	NA	NA	NA	Basic	Free
CS2_173	Bluegill Warrior	Minion	2	2	1	NA	<b>Charge</b>	Charge	NA	Basic	Common
EX1_565	Flametongue Totem	Minion	2	0	3	NA	Adjacent minions have +2 Attack.	AdjacentBuff	Shaman	Basic	Common
CS2_121	Frostwolf Grunt	Minion	2	2	2	NA	<b>Taunt</b>	Taunt	NA	Basic	Common
CS2_142	Kobold Geomancer	Minion	2	2	2	NA	<b>Spell Damage +1</b>	Spell Damage	NA	Basic	Common
EX1_506	Murloc Tidehunter	Minion	2	2	1	NA	<b>Battlecry:</b> Summon a 1/1 Murloc Scout.	Battlecry	NA	Basic	Common
EX1_015	Novice Engineer	Minion	2	1	1	NA	<b>Battlecry:</b> Draw a card.	Battlecry	NA	Basic	Free
CS2_120	River Crocolisk	Minion	2	2	3	NA	NA	NA	NA	Basic	Free
EX1_306	Succubus	Minion	2	4	3	NA	<b>Battlecry:</b> Discard a random card.	Battlecry	Warlock	Basic	Free
EX1_582	Dalaran Mage	Minion	3	1	4	NA	<b>Spell Damage +1</b>	Spell Damage	NA	Basic	Common
CS2_141	Ironforge Rifleman	Minion	3	2	2	NA	<b>Battlecry:</b> Deal 1 damage.	Battlecry	NA	Basic	Common
CS2_125	Ironfur Grizzly	Minion	3	3	3	NA	<b>Taunt</b>	Taunt	NA	Basic	Common
CS2_118	Magma Rager	Minion	3	5	1	NA	NA	NA	NA	Basic	Free
CS2_122	Raid Leader	Minion	3	2	2	NA	Your other minions have +1 Attack.	Aura	NA	Basic	Free
CS2_196	Razorfen Hunter	Minion	3	2	3	NA	<b>Battlecry:</b> Summon a 1/1 Boar.	Battlecry	NA	Basic	Common
EX1_019	Shattered Sun Cleric	Minion	3	3	2	NA	<b>Battlecry:</b> Give a friendly minion +1/+1.	Battlecry	NA	Basic	Common
CS2_127	Silverback Patriarch	Minion	3	1	4	NA	<b>Taunt</b>	Taunt	NA	Basic	Common
EX1_084	Warsong Commander	Minion	3	2	3	NA	Your <b>Charge</b> minions have +1 Attack.	Aura	Warrior	Basic	Free
CS2_124	Wolfrider	Minion	3	3	1	NA	<b>Charge</b>	Charge	NA	Basic	Free
CS2_182	Chillwind Yeti	Minion	4	4	5	NA	NA	NA	NA	Basic	Common
EX1_025	Dragonling Mechanic	Minion	4	2	4	NA	<b>Battlecry:</b> Summon a 2/1 Mechanical Dragonling.	Battlecry	NA	Basic	Common
CS2_147	Gnomish Inventor	Minion	4	2	4	NA	<b>Battlecry:</b> Draw a card.	Battlecry	NA	Basic	Common
DS1_070	Houndmaster	Minion	4	4	3	NA	<b>Battlecry:</b> Give a friendly Beast +2/+2 and <b>Taunt</b>.	Battlecry	Hunter	Basic	Free
NEW1_011	Kor'kron Elite	Minion	4	4	3	NA	<b>Charge</b>	Charge	Warrior	Basic	Common
CS2_119	Oasis Snapjaw	Minion	4	2	7	NA	NA	NA	NA	Basic	Free
CS2_197	Ogre Magi	Minion	4	4	4	NA	<b>Spell Damage +1</b>	Spell Damage	NA	Basic	Common
CS2_179	Sen'jin Shieldmasta	Minion	4	3	5	NA	<b>Taunt</b>	Taunt	NA	Basic	Free
CS2_131	Stormwind Knight	Minion	4	2	5	NA	<b>Charge</b>	Charge	NA	Basic	Common
CS2_033	Water Elemental	Minion	4	3	6	NA	<b>Freeze</b> any character damaged by this minion.	Freeze	Mage	Basic	Common
EX1_587	Windspeaker	Minion	4	3	3	NA	<b>Battlecry:</b> Give a friendly minion <b>Windfury</b>.	Battlecry	Shaman	Basic	Common
CS2_187	Booty Bay Bodyguard	Minion	5	5	4	NA	<b>Taunt</b>	Taunt	NA	Basic	Common
DS1_055	Darkscale Healer	Minion	5	4	5	NA	<b>Battlecry:</b> Restore 2 Health to all friendly characters.	Battlecry	NA	Basic	Common
CS2_226	Frostwolf Warlord	Minion	5	4	4	NA	<b>Battlecry:</b> Gain +1/+1 for each other friendly minion on the battlefield.	Battlecry	NA	Basic	Common
EX1_399	Gurubashi Berserker	Minion	5	2	7	NA	Whenever this minion takes damage, gain +3 Attack.	NA	NA	Basic	Common
EX1_593	Nightblade	Minion	5	4	4	NA	<b>Battlecry: </b>Deal 3 damage to the enemy hero.	Battlecry	NA	Basic	Free
CS2_237	Starving Buzzard	Minion	5	3	2	NA	Whenever you summon a Beast, draw a card.	NA	Hunter	Basic	Common
CS2_150	Stormpike Commando	Minion	5	4	2	NA	<b>Battlecry:</b> Deal 2 damage.	Battlecry	NA	Basic	Common
DS1_178	Tundra Rhino	Minion	5	2	5	NA	Your Beasts have <b>Charge</b>.	NA	Hunter	Basic	Common
CS2_155	Archmage	Minion	6	4	7	NA	<b>Spell Damage +1</b>	Spell Damage	NA	Basic	Common
CS2_200	Boulderfist Ogre	Minion	6	6	7	NA	NA	NA	NA	Basic	Free
CS2_064	Dread Infernal	Minion	6	6	6	NA	<b>Battlecry:</b> Deal 1 damage to ALL other characters.	Battlecry	Warlock	Basic	Common
CS2_042	Fire Elemental	Minion	6	6	5	NA	<b>Battlecry:</b> Deal 3 damage.	Battlecry	Shaman	Basic	Common
CS2_162	Lord of the Arena	Minion	6	6	5	NA	<b>Taunt</b>	Taunt	NA	Basic	Common
CS2_213	Reckless Rocketeer	Minion	6	5	2	NA	<b>Charge</b>	Charge	NA	Basic	Free
CS2_201	Core Hound	Minion	7	9	5	NA	NA	NA	NA	Basic	Common
CS2_088	Guardian of Kings	Minion	7	5	6	NA	<b>Battlecry:</b> Restore 6 Health to your hero.	Battlecry	Paladin	Basic	Common
CS2_222	Stormwind Champion	Minion	7	6	6	NA	Your other minions have +1/+1.	Aura	NA	Basic	Common
CS2_186	War Golem	Minion	7	7	7	NA	NA	NA	NA	Basic	Common
CS2_232	Ironbark Protector	Minion	8	8	8	NA	<b>Taunt</b>	Taunt	Druid	Basic	Common
CS2_231	Wisp	Minion	0	1	1	NA	NA	NA	NA	Classic	Common
CS2_188	Abusive Sergeant	Minion	1	2	1	NA	<b>Battlecry:</b> Give a minion +2 Attack this turn.	Battlecry	NA	Classic	Common
EX1_009	Angry Chicken	Minion	1	1	1	NA	<b>Enrage:</b> +5 Attack.	Enrage	NA	Classic	Rare
EX1_008	Argent Squire	Minion	1	1	1	NA	<b>Divine Shield</b>	Divine Shield	NA	Classic	Common
CS2_059	Blood Imp	Minion	1	0	1	NA	<b>Stealth</b>. At the end of your turn, give another random friendly minion +1 Health.	Stealth	Warlock	Classic	Common
NEW1_025	Bloodsail Corsair	Minion	1	1	2	NA	<b>Battlecry:</b> Remove 1 Durability from your opponent's weapon.	Battlecry	NA	Classic	Rare
EX1_243	Dust Devil	Minion	1	3	1	NA	<b>Windfury</b>. <b>Overload:</b> (2)	Overload	Shaman	Classic	Common
EX1_319	Flame Imp	Minion	1	3	2	NA	<b>Battlecry:</b> Deal 3 damage to your hero.	Battlecry	Warlock	Classic	Common
NEW1_017	Hungry Crab	Minion	1	1	2	NA	<b>Battlecry:</b> Destroy a Murloc and gain +2/+2.	Battlecry	NA	Classic	Epic
EX1_029	Leper Gnome	Minion	1	2	1	NA	<b>Deathrattle:</b> Deal 2 damage to the enemy hero.	Deathrattle	NA	Classic	Common
EX1_001	Lightwarden	Minion	1	1	2	NA	Whenever a character is healed, gain +2 Attack.	NA	NA	Classic	Rare
NEW1_012	Mana Wyrm	Minion	1	1	3	NA	Whenever you cast a spell, gain +1 Attack.	NA	Mage	Classic	Common
EX1_509	Murloc Tidecaller	Minion	1	1	2	NA	Whenever a Murloc is summoned, gain +1 Attack.	NA	NA	Classic	Rare
EX1_080	Secretkeeper	Minion	1	1	2	NA	Whenever a <b>Secret</b> is played, gain +1/+1.	NA	NA	Classic	Rare
EX1_405	Shieldbearer	Minion	1	0	4	NA	<b>Taunt</b>	Taunt	NA	Classic	Common
CS2_146	Southsea Deckhand	Minion	1	2	1	NA	Has <b>Charge</b> while you have a weapon equipped.	NA	NA	Classic	Common
EX1_010	Worgen Infiltrator	Minion	1	2	1	NA	<b>Stealth</b>	Stealth	NA	Classic	Common
CS2_169	Young Dragonhawk	Minion	1	1	1	NA	<b>Windfury</b>	Windfury	NA	Classic	Common
EX1_004	Young Priestess	Minion	1	2	1	NA	At the end of your turn, give another random friendly minion +1 Health.	NA	NA	Classic	Rare
EX1_393	Amani Berserker	Minion	2	2	3	NA	<b>Enrage:</b> +3 Attack	Enrage	NA	Classic	Common
EX1_045	Ancient Watcher	Minion	2	4	5	NA	Can't attack.	NA	NA	Classic	Rare
EX1_362	Argent Protector	Minion	2	2	2	NA	<b>Battlecry:</b> Give a friendly minion <b>Divine Shield</b>.	Battlecry	Paladin	Classic	Common
EX1_402	Armorsmith	Minion	2	1	4	NA	Whenever a friendly minion takes damage, gain 1 Armor.	NA	Warrior	Classic	Rare
EX1_012	Bloodmage Thalnos	Minion	2	1	1	NA	<b>Spell Damage +1</b>. <b>Deathrattle:</b> Draw a card.	Deathrattle	NA	Classic	Legendary
NEW1_018	Bloodsail Raider	Minion	2	2	3	NA	<b>Battlecry:</b> Gain Attack equal to the Attack of your weapon.	Battlecry	NA	Classic	Common
EX1_059	Crazed Alchemist	Minion	2	2	2	NA	<b>Battlecry:</b> Swap the Attack and Health of a minion.	Battlecry	NA	Classic	Rare
EX1_603	Cruel Taskmaster	Minion	2	2	2	NA	<b>Battlecry:</b> Deal 1 damage to a minion and give it +2 Attack.	Battlecry	Warrior	Classic	Common
EX1_131	Defias Ringleader	Minion	2	2	2	NA	<b>Combo:</b> Summon a 2/1 Defias Bandit.	Combo	Rogue	Classic	Common
EX1_162	Dire Wolf Alpha	Minion	2	2	2	NA	Adjacent minions have +1 Attack.	AdjacentBuff	NA	Classic	Common
NEW1_021	Doomsayer	Minion	2	0	7	NA	At the start of your turn, destroy ALL minions.	NA	NA	Classic	Epic
NEW1_023	Faerie Dragon	Minion	2	3	2	NA	Can't be targeted by spells or Hero Powers.	NA	NA	Classic	Common
CS2_203	Ironbeak Owl	Minion	2	2	1	NA	<b>Battlecry:</b> <b>Silence</b> a minion.	Battlecry	NA	Classic	Common
NEW1_019	Knife Juggler	Minion	2	3	2	NA	After you summon a minion, deal 1 damage to a random enemy.	NA	NA	Classic	Rare
EX1_341	Lightwell	Minion	2	0	5	NA	At the start of your turn, restore 3 Health to a damaged friendly character.	NA	Priest	Classic	Rare
EX1_096	Loot Hoarder	Minion	2	2	1	NA	<b>Deathrattle:</b> Draw a card.	Deathrattle	NA	Classic	Common
EX1_100	Lorewalker Cho	Minion	2	0	4	NA	Whenever a player casts a spell, put a copy into the other player¡¯s hand.	NA	NA	Classic	Legendary
EX1_082	Mad Bomber	Minion	2	3	2	NA	<b>Battlecry:</b> Deal 3 damage randomly split between all other characters.	Battlecry	NA	Classic	Common
EX1_055	Mana Addict	Minion	2	1	3	NA	Whenever you cast a spell, gain +2 Attack this turn.	NA	NA	Classic	Rare
EX1_616	Mana Wraith	Minion	2	2	2	NA	ALL minions cost (1) more.	Aura	NA	Classic	Rare
NEW1_037	Master Swordsmith	Minion	2	1	3	NA	At the end of your turn, give another random friendly minion +1 Attack.	NA	NA	Classic	Rare
NEW1_029	Millhouse Manastorm	Minion	2	4	4	NA	<b>Battlecry:</b> Enemy spells cost (0) next turn.	Battlecry	NA	Classic	Legendary
EX1_557	Nat Pagle	Minion	2	0	4	NA	At the start of your turn, you have a 50% chance to draw an extra card.	NA	NA	Classic	Legendary
EX1_522	Patient Assassin	Minion	2	1	1	NA	<b>Stealth</b>. Destroy any minion damaged by this minion.	Stealth	Rogue	Classic	Epic
EX1_076	Pint-Sized Summoner	Minion	2	2	2	NA	The first minion you play each turn costs (1) less.	Aura	NA	Classic	Rare
EX1_531	Scavenging Hyena	Minion	2	2	2	NA	Whenever a friendly Beast dies, gain +2/+1.	NA	Hunter	Classic	Common
EX1_608	Sorcerer's Apprentice	Minion	2	3	2	NA	Your spells cost (1) less.	Aura	Mage	Classic	Common
EX1_058	Sunfury Protector	Minion	2	2	3	NA	<b>Battlecry:</b> Give adjacent minions <b>Taunt</b>.	Battlecry	NA	Classic	Rare
NEW1_020	Wild Pyromancer	Minion	2	3	2	NA	After you cast a spell, deal 1 damage to ALL minions.	NA	NA	Classic	Rare
EX1_049	Youthful Brewmaster	Minion	2	3	2	NA	<b>Battlecry:</b> Return a friendly minion from the battlefield to your hand.	Battlecry	NA	Classic	Common
EX1_007	Acolyte of Pain	Minion	3	1	3	NA	Whenever this minion takes damage, draw a card.	NA	NA	Classic	Common
EX1_006	Alarm-o-Bot	Minion	3	0	3	NA	At the start of your turn, swap this minion with a random one in your hand.	NA	NA	Classic	Rare
EX1_382	Aldor Peacekeeper	Minion	3	3	3	NA	<b>Battlecry:</b> Change an enemy minion's Attack to 1.	Battlecry	Paladin	Classic	Rare
EX1_089	Arcane Golem	Minion	3	4	2	NA	<b>Charge</b>. <b>Battlecry:</b> Give your opponent a Mana Crystal.	Charge	NA	Classic	Rare
EX1_005	Big Game Hunter	Minion	3	4	2	NA	<b>Battlecry:</b> Destroy a minion with an Attack of 7 or more.	Battlecry	NA	Classic	Epic
EX1_590	Blood Knight	Minion	3	3	3	NA	<b>Battlecry:</b> All minions lose <b>Divine Shield</b>. Gain +3/+3 for each Shield lost.	Battlecry	NA	Classic	Epic
EX1_050	Coldlight Oracle	Minion	3	2	2	NA	<b>Battlecry:</b> Each player draws 2 cards.	Battlecry	NA	Classic	Rare
EX1_103	Coldlight Seer	Minion	3	2	3	NA	<b>Battlecry:</b> Give ALL other Murlocs +2 Health.	Battlecry	NA	Classic	Rare
EX1_102	Demolisher	Minion	3	1	4	NA	At the start of your turn, deal 2 damage to a random enemy.	NA	NA	Classic	Rare
CS2_117	Earthen Ring Farseer	Minion	3	3	3	NA	<b>Battlecry:</b> Restore 3 Health.	Battlecry	NA	Classic	Common
EX1_613	Edwin VanCleef	Minion	3	2	2	NA	<b>Combo:</b> Gain +2/+2 for each card played earlier this turn.	Combo	Rogue	Classic	Legendary
EX1_170	Emperor Cobra	Minion	3	2	3	NA	Destroy any minion damaged by this minion.	Poisonous	NA	Classic	Rare
EX1_301	Felguard	Minion	3	3	5	NA	<b>Taunt</b>. <b>Battlecry:</b> Destroy one of your Mana Crystals.	Taunt	Warlock	Classic	Rare
tt_004	Flesheating Ghoul	Minion	3	2	3	NA	Whenever a minion dies, gain +1 Attack.	NA	NA	Classic	Common
EX1_604	Frothing Berserker	Minion	3	2	4	NA	Whenever a minion takes damage, gain +1 Attack.	NA	Warrior	Classic	Rare
EX1_556	Harvest Golem	Minion	3	2	3	NA	<b>Deathrattle:</b> Summon a 2/1 Damaged Golem.	Deathrattle	NA	Classic	Common
EX1_597	Imp Master	Minion	3	1	5	NA	At the end of your turn, deal 1 damage to this minion and summon a 1/1 Imp.	NA	NA	Classic	Rare
CS2_181	Injured Blademaster	Minion	3	4	7	NA	<b>Battlecry:</b> Deal 4 damage to HIMSELF.	Battlecry	NA	Classic	Rare
EX1_017	Jungle Panther	Minion	3	4	2	NA	<b>Stealth</b>	Stealth	NA	Classic	Common
EX1_014	King Mukla	Minion	3	5	5	NA	<b>Battlecry:</b> Give your opponent 2 Bananas.	Battlecry	NA	Classic	Legendary
EX1_612	Kirin Tor Mage	Minion	3	4	3	NA	<b>Battlecry:</b> The next <b>Secret</b> you play this turn costs (0).	Battlecry	Mage	Classic	Rare
EX1_575	Mana Tide Totem	Minion	3	0	3	NA	At the end of your turn, draw a card.	NA	Shaman	Classic	Rare
EX1_085	Mind Control Tech	Minion	3	3	3	NA	<b>Battlecry:</b> If your opponent has 4 or more minions, take control of one at random.	Battlecry	NA	Classic	Rare
EX1_507	Murloc Warleader	Minion	3	3	3	NA	ALL other Murlocs have +2/+1.	Aura	NA	Classic	Epic
EX1_044	Questing Adventurer	Minion	3	2	2	NA	Whenever you play a card, gain +1/+1.	NA	NA	Classic	Rare
EX1_412	Raging Worgen	Minion	3	3	3	NA	<b>Enrage:</b> <b>Windfury</b> and +1 Attack	Enrage	NA	Classic	Common
EX1_020	Scarlet Crusader	Minion	3	3	1	NA	<b>Divine Shield</b>	Divine Shield	NA	Classic	Common
EX1_134	SI:7 Agent	Minion	3	3	3	NA	<b>Combo:</b> Deal 2 damage.	Combo	Rogue	Classic	Rare
NEW1_027	Southsea Captain	Minion	3	3	3	NA	Your other Pirates have +1/+1.	Aura	NA	Classic	Epic
EX1_390	Tauren Warrior	Minion	3	2	3	NA	<b>Taunt</b>. <b>Enrage:</b> +3 Attack	Taunt	NA	Classic	Common
EX1_021	Thrallmar Farseer	Minion	3	2	3	NA	<b>Windfury</b>	Windfury	NA	Classic	Common
EX1_083	Tinkmaster Overspark	Minion	3	3	3	NA	<b>Battlecry:</b> Transform another random minion into a 5/5 Devilsaur or a 1/1 Squirrel.	Battlecry	NA	Classic	Legendary
EX1_258	Unbound Elemental	Minion	3	2	4	NA	Whenever you play a card with <b>Overload</b>, gain +1/+1.	NA	Shaman	Classic	Common
EX1_304	Void Terror	Minion	3	3	3	NA	<b>Battlecry:</b> Destroy the minions on either side of this minion and gain their Attack and Health.	Battlecry	Warlock	Classic	Rare
EX1_057	Ancient Brewmaster	Minion	4	5	4	NA	<b>Battlecry:</b> Return a friendly minion from the battlefield to your hand.	Battlecry	NA	Classic	Common
EX1_584	Ancient Mage	Minion	4	2	5	NA	<b>Battlecry:</b> Give adjacent minions <b>Spell Damage +1</b>.	Battlecry	NA	Classic	Rare
EX1_398	Arathi Weaponsmith	Minion	4	3	3	NA	<b>Battlecry:</b> Equip a 2/2 weapon.	Battlecry	Warrior	Classic	Common
EX1_591	Auchenai Soulpriest	Minion	4	3	5	NA	Your cards and powers that restore Health now deal damage instead.	Aura	Priest	Classic	Rare
EX1_595	Cult Master	Minion	4	4	2	NA	Whenever one of your other minions dies, draw a card.	NA	NA	Classic	Common
EX1_046	Dark Iron Dwarf	Minion	4	4	4	NA	<b>Battlecry:</b> Give a minion +2 Attack this turn.	Battlecry	NA	Classic	Common
EX1_093	Defender of Argus	Minion	4	2	3	NA	<b>Battlecry:</b> Give adjacent minions +1/+1 and <b>Taunt</b>.	Battlecry	NA	Classic	Rare
NEW1_022	Dread Corsair	Minion	4	3	3	NA	<b>Taunt.</b> Costs (1) less per Attack of your weapon.	Taunt	NA	Classic	Common
EX1_274	Ethereal Arcanist	Minion	4	3	3	NA	If you control a <b>Secret</b> at the end of your turn, gain +2/+2.	NA	Mage	Classic	Rare
EX1_166	Keeper of the Grove	Minion	4	2	4	NA	<b>Choose One</b> - Deal 2 damage; or <b>Silence</b> a minion.	NA	Druid	Classic	Rare
EX1_335	Lightspawn	Minion	4	0	5	NA	This minion's Attack is always equal to its Health.	NA	Priest	Classic	Common
NEW1_014	Master of Disguise	Minion	4	4	4	NA	<b>Battlecry:</b> Give a friendly minion <b>Stealth</b>.	Battlecry	Rogue	Classic	Rare
EX1_396	Mogu'shan Warden	Minion	4	1	7	NA	<b>Taunt</b>	Taunt	NA	Classic	Common
EX1_313	Pit Lord	Minion	4	5	6	NA	<b>Battlecry:</b> Deal 5 damage to your hero.	Battlecry	Warlock	Classic	Epic
EX1_023	Silvermoon Guardian	Minion	4	3	3	NA	<b>Divine Shield</b>	Divine Shield	NA	Classic	Common
EX1_048	Spellbreaker	Minion	4	4	3	NA	<b>Battlecry:</b> <b>Silence</b> a minion.	Battlecry	NA	Classic	Common
EX1_315	Summoning Portal	Minion	4	0	4	NA	Your minions cost (2) less, but not less than (1).	Aura	Warlock	Classic	Common
EX1_043	Twilight Drake	Minion	4	4	1	NA	<b>Battlecry:</b> Gain +1 Health for each card in your hand.	Battlecry	NA	Classic	Rare
NEW1_026	Violet Teacher	Minion	4	3	5	NA	Whenever you cast a spell, summon a 1/1 Violet Apprentice.	NA	NA	Classic	Rare
EX1_097	Abomination	Minion	5	4	4	NA	<b>Taunt</b>. <b>Deathrattle:</b> Deal 2 damage to ALL characters.	Taunt	NA	Classic	Rare
EX1_284	Azure Drake	Minion	5	4	4	NA	<b>Spell Damage +1</b>. <b>Battlecry:</b> Draw a card.	Spell Damage	NA	Classic	Rare
NEW1_024	Captain Greenskin	Minion	5	5	4	NA	<b>Battlecry:</b> Give your weapon +1/+1.	Battlecry	NA	Classic	Legendary
EX1_310	Doomguard	Minion	5	5	7	NA	<b>Charge</b>. <b>Battlecry:</b> Discard two random cards.	Charge	Warlock	Classic	Rare
EX1_165	Druid of the Claw	Minion	5	4	4	NA	<b>Choose One -</b> <b>Charge</b>; or +2 Health and <b>Taunt</b>.	NA	Druid	Classic	Common
EX1_250	Earth Elemental	Minion	5	7	8	NA	<b>Taunt</b>. <b>Overload:</b> (3)	Taunt	Shaman	Classic	Epic
EX1_564	Faceless Manipulator	Minion	5	3	3	NA	<b>Battlecry:</b> Choose a minion and become a copy of it.	Battlecry	NA	Classic	Epic
CS1_069	Fen Creeper	Minion	5	3	6	NA	<b>Taunt</b>	Taunt	NA	Classic	Common
EX1_558	Harrison Jones	Minion	5	5	4	NA	<b>Battlecry:</b> Destroy your opponent's weapon and draw cards equal to its Durability.	Battlecry	NA	Classic	Legendary
EX1_116	Leeroy Jenkins	Minion	5	6	2	NA	<b>Charge</b>. <b>Battlecry:</b> Summon two 1/1 Whelps for your opponent.	Battlecry	NA	Classic	Legendary
CS2_151	Silver Hand Knight	Minion	5	4	4	NA	<b>Battlecry:</b> Summon a 2/2 Squire.	Battlecry	NA	Classic	Common
CS2_221	Spiteful Smith	Minion	5	4	6	NA	<b>Enrage:</b> Your weapon has +2 Attack.	Enrage	NA	Classic	Common
NEW1_041	Stampeding Kodo	Minion	5	3	5	NA	<b>Battlecry:</b> Destroy a random enemy minion with 2 or less Attack.	Battlecry	NA	Classic	Rare
EX1_028	Stranglethorn Tiger	Minion	5	5	5	NA	<b>Stealth</b>	Stealth	NA	Classic	Common
CS2_227	Venture Co. Mercenary	Minion	5	7	6	NA	Your minions cost (3) more.	Aura	NA	Classic	Common
EX1_067	Argent Commander	Minion	6	4	2	NA	<b>Charge</b><b>Divine Shield</b>	Charge	NA	Classic	Rare
EX1_091	Cabal Shadow Priest	Minion	6	4	5	NA	<b>Battlecry:</b> Take control of an enemy minion that has 2 or less Attack.	Battlecry	Priest	Classic	Epic
EX1_110	Cairne Bloodhoof	Minion	6	4	5	NA	<b>Deathrattle:</b> Summon a 4/5 Baine Bloodhoof.	Deathrattle	NA	Classic	Legendary
EX1_283	Frost Elemental	Minion	6	5	5	NA	<b>Battlecry:</b> <b>Freeze</b> a character.	Battlecry	NA	Classic	Common
EX1_095	Gadgetzan Auctioneer	Minion	6	4	4	NA	Whenever you cast a spell, draw a card.	NA	NA	Classic	Rare
NEW1_040	Hogger	Minion	6	4	4	NA	At the end of your turn, summon a 2/2 Gnoll with <b>Taunt</b>.	NA	NA	Classic	Legendary
EX1_614	Illidan Stormrage	Minion	6	7	5	NA	Whenever you play a card, summon a 2/1 Flame of Azzinoth.	NA	NA	Classic	Legendary
NEW1_005	Kidnapper	Minion	6	5	3	NA	<b>Combo:</b> Return a minion to its owner's hand.	Combo	Rogue	Classic	Epic
EX1_583	Priestess of Elune	Minion	6	5	4	NA	<b>Battlecry:</b> Restore 4 Health to your hero.	Battlecry	NA	Classic	Common
EX1_534	Savannah Highmane	Minion	6	6	5	NA	<b>Deathrattle:</b> Summon two 2/2 Hyenas.	Deathrattle	Hunter	Classic	Rare
EX1_032	Sunwalker	Minion	6	4	5	NA	<b>Taunt</b><b>Divine Shield</b>	Taunt	NA	Classic	Rare
EX1_016	Sylvanas Windrunner	Minion	6	5	5	NA	<b>Deathrattle:</b> Take control of a random enemy minion.	Deathrattle	NA	Classic	Legendary
EX1_623	Temple Enforcer	Minion	6	6	6	NA	<b>Battlecry:</b> Give a friendly minion +3 Health.	Battlecry	Priest	Classic	Common
EX1_577	The Beast	Minion	6	9	7	NA	<b>Deathrattle:</b> Summon a 3/3 Finkle Einhorn for your opponent.	Deathrattle	NA	Classic	Legendary
EX1_002	The Black Knight	Minion	6	4	5	NA	<b>Battlecry:</b> Destroy an enemy minion with <b>Taunt</b>.	Battlecry	NA	Classic	Legendary
EX1_033	Windfury Harpy	Minion	6	4	5	NA	<b>Windfury</b>	Windfury	NA	Classic	Common
NEW1_008	Ancient of Lore	Minion	7	5	5	NA	<b>Choose One -</b> Draw 2 cards; or Restore 5 Health.	NA	Druid	Classic	Epic
EX1_178	Ancient of War	Minion	7	5	5	NA	<b>Choose One</b> -+5 Attack; or +5 Health and <b>Taunt</b>.	NA	Druid	Classic	Epic
EX1_559	Archmage Antonidas	Minion	7	5	7	NA	Whenever you cast a spell, add a 'Fireball' spell to your hand.	NA	Mage	Classic	Legendary
EX1_249	Baron Geddon	Minion	7	7	5	NA	At the end of your turn, deal 2 damage to ALL other characters.	NA	NA	Classic	Legendary
EX1_350	Prophet Velen	Minion	7	7	7	NA	Double the damage and healing of your spells and Hero Power.	NA	Priest	Classic	Legendary
CS2_161	Ravenholdt Assassin	Minion	7	7	5	NA	<b>Stealth</b>	Stealth	NA	Classic	Rare
NEW1_010	Al'Akir the Windlord	Minion	8	3	5	NA	<b>Windfury, Charge, Divine Shield, Taunt</b>	Charge	Shaman	Classic	Legendary
EX1_414	Grommash Hellscream	Minion	8	4	9	NA	<b>Charge</b><b>Enrage:</b> +6 Attack	Charge	Warrior	Classic	Legendary
NEW1_038	Gruul	Minion	8	7	7	NA	At the end of each turn, gain +1/+1 .	NA	NA	Classic	Legendary
EX1_298	Ragnaros the Firelord	Minion	8	8	8	NA	Can't attack. At the end of your turn, deal 8 damage to a random enemy.	NA	NA	Classic	Legendary
EX1_383	Tirion Fordring	Minion	8	6	6	NA	<b>Divine Shield</b>. <b>Taunt</b>. <b>Deathrattle:</b> Equip a 5/3 Ashbringer.	Divine Shield	Paladin	Classic	Legendary
EX1_561	Alexstrasza	Minion	9	8	8	NA	<b>Battlecry:</b> Set a hero's remaining Health to 15.	Battlecry	NA	Classic	Legendary
EX1_573	Cenarius	Minion	9	5	8	NA	<b>Choose One</b> - Give your other minions +2/+2; or Summon two 2/2 Treants with <b>Taunt</b>.	NA	Druid	Classic	Legendary
EX1_543	King Krush	Minion	9	8	8	NA	<b>Charge</b>	Charge	Hunter	Classic	Legendary
EX1_323	Lord Jaraxxus	Minion	9	3	15	NA	<b>Battlecry:</b> Destroy your hero and replace it with Lord Jaraxxus.	Battlecry	Warlock	Classic	Legendary
EX1_563	Malygos	Minion	9	4	12	NA	<b>Spell Damage +5</b>	Spell Damage	NA	Classic	Legendary
EX1_560	Nozdormu	Minion	9	8	8	NA	Players only have 15 seconds to take their turns.	NA	NA	Classic	Legendary
EX1_562	Onyxia	Minion	9	8	8	NA	<b>Battlecry:</b> Summon 1/1 Whelps until your side of the battlefield is full.	Battlecry	NA	Classic	Legendary
EX1_572	Ysera	Minion	9	4	12	NA	At the end of your turn, add a Dream Card to your hand.	NA	NA	Classic	Legendary
NEW1_030	Deathwing	Minion	10	12	12	NA	<b>Battlecry:</b> Destroy all other minions and discard your hand.	Battlecry	NA	Classic	Legendary
EX1_586	Sea Giant	Minion	10	8	8	NA	Costs (1) less for each other minion on the battlefield.	NA	NA	Classic	Epic
EX1_105	Mountain Giant	Minion	12	8	8	NA	Costs (1) less for each other card in your hand.	NA	NA	Classic	Epic
EX1_620	Molten Giant	Minion	20	8	8	NA	Costs (1) less for each damage your hero has taken.	NA	NA	Classic	Epic
BRM_022	Dragon Egg	Minion	1	0	2	NA	Whenever this minion takes damage, summon a 2/1 Whelp.	NA	NA	Blackrock Mountain	Rare
BRM_004	Twilight Whelp	Minion	1	2	1	NA	<b>Battlecry:</b> If you're holding a Dragon, gain +2 Health.	Battlecry	Priest	Blackrock Mountain	Common
BRM_033	Blackwing Technician	Minion	3	2	4	NA	<b>Battlecry:</b> If you're holding a Dragon, gain +1/+1. 	Battlecry	NA	Blackrock Mountain	Common
BRM_010	Druid of the Flame	Minion	3	2	2	NA	<b>Choose One</b> - Transform into a 5/2 minion; or a 2/5 minion.	NA	Druid	Blackrock Mountain	Common
BRM_002	Flamewaker	Minion	3	2	4	NA	After you cast a spell, deal 2 damage randomly split among all enemies.	NA	Mage	Blackrock Mountain	Rare
BRM_006	Imp Gang Boss	Minion	3	2	4	NA	Whenever this minion takes damage, summon a 1/1 Imp.	NA	Warlock	Blackrock Mountain	Common
BRM_016	Axe Flinger	Minion	4	2	5	NA	Whenever this minion takes damage, deal 2 damage to the enemy hero.	NA	Warrior	Blackrock Mountain	Common
BRM_014	Core Rager	Minion	4	4	4	NA	<b>Battlecry:</b> If your hand is empty, gain +3/+3.	Battlecry	Hunter	Blackrock Mountain	Rare
BRM_020	Dragonkin Sorcerer	Minion	4	3	5	NA	Whenever <b>you</b> target this minion with a spell, gain +1/+1.	NA	NA	Blackrock Mountain	Common
BRM_012	Fireguard Destroyer	Minion	4	3	6	NA	<b>Battlecry:</b> Gain 1-4 Attack. <b>Overload:</b> (1)	Battlecry	Shaman	Blackrock Mountain	Common
BRM_026	Hungry Dragon	Minion	4	5	6	NA	<b>Battlecry:</b> Summon a random 1-Cost minion for your opponent.	Battlecry	NA	Blackrock Mountain	Common
BRM_034	Blackwing Corruptor	Minion	5	5	4	NA	<b>Battlecry</b>: If you're holding a Dragon, deal 3 damage.	Battlecry	NA	Blackrock Mountain	Common
BRM_008	Dark Iron Skulker	Minion	5	4	3	NA	<b>Battlecry:</b> Deal 2 damage to all undamaged enemy minions.	Battlecry	Rogue	Blackrock Mountain	Rare
BRM_018	Dragon Consort	Minion	5	5	5	NA	<b>Battlecry:</b> The next Dragon you play costs (2) less.	Battlecry	Paladin	Blackrock Mountain	Rare
BRM_019	Grim Patron	Minion	5	3	3	NA	Whenever this minion survives damage, summon another Grim Patron.	NA	NA	Blackrock Mountain	Rare
BRM_024	Drakonid Crusher	Minion	6	6	6	NA	<b>Battlecry:</b> If your opponent has 15 or less Health, gain +3/+3.	Battlecry	NA	Blackrock Mountain	Common
BRM_028	Emperor Thaurissan	Minion	6	5	5	NA	At the end of your turn, reduce the Cost of cards in your hand by (1).	NA	NA	Blackrock Mountain	Legendary
BRM_025	Volcanic Drake	Minion	6	6	4	NA	Costs (1) less for each minion that died this turn.	NA	NA	Blackrock Mountain	Common
BRM_029	Rend Blackhand	Minion	7	8	4	NA	<b>Battlecry:</b> If you're holding a Dragon, destroy a <b>Legendary</b> minion.	Battlecry	NA	Blackrock Mountain	Legendary
BRM_031	Chromaggus	Minion	8	6	8	NA	Whenever you draw a card, put another copy into your hand.	NA	NA	Blackrock Mountain	Legendary
BRM_027	Majordomo Executus	Minion	9	9	7	NA	<b>Deathrattle:</b> Replace your hero with Ragnaros, the Firelord.	Deathrattle	NA	Blackrock Mountain	Legendary
BRM_030	Nefarian	Minion	9	8	8	NA	<b>Battlecry:</b> Add 2 random spells to your hand <i>(from your opponent's class)</i>.	Battlecry	NA	Blackrock Mountain	Legendary
BRM_009	Volcanic Lumberer	Minion	9	7	8	NA	<b>Taunt</b>Costs (1) less for each minion that died this turn.	Taunt	Druid	Blackrock Mountain	Rare
GVG_093	Target Dummy	Minion	0	0	2	NA	<b>Taunt</b>	Taunt	NA	Goblins vs Gnomes	Rare
GVG_082	Clockwork Gnome	Minion	1	2	1	NA	<b>Deathrattle:</b> Add a <b>Spare Part</b> card to your hand.	Deathrattle	NA	Goblins vs Gnomes	Common
GVG_013	Cogmaster	Minion	1	1	2	NA	Has +2 Attack while you have a Mech.	Aura	NA	Goblins vs Gnomes	Common
GVG_009	Shadowbomber	Minion	1	2	1	NA	<b>Battlecry:</b> Deal 3 damage to each hero.	Battlecry	Priest	Goblins vs Gnomes	Epic
GVG_051	Warbot	Minion	1	1	3	NA	<b>Enrage:</b> +1 Attack.	Enrage	Warrior	Goblins vs Gnomes	Common
GVG_085	Annoy-o-Tron	Minion	2	1	2	NA	<b>Taunt</b><b>Divine Shield</b>	Taunt	NA	Goblins vs Gnomes	Common
GVG_030	Anodized Robo Cub	Minion	2	2	2	NA	<b>Taunt</b>. <b>Choose One -</b>+1 Attack; or +1 Health.	Taunt	Druid	Goblins vs Gnomes	Common
GVG_076	Explosive Sheep	Minion	2	1	1	NA	<b>Deathrattle:</b> Deal 2 damage to all minions.	Deathrattle	NA	Goblins vs Gnomes	Common
GVG_081	Gilblin Stalker	Minion	2	2	3	NA	<b>Stealth</b>	Stealth	NA	Goblins vs Gnomes	Common
GVG_023	Goblin Auto-Barber	Minion	2	3	2	NA	<b>Battlecry</b>: Give your weapon +1 Attack.	Battlecry	Rogue	Goblins vs Gnomes	Common
GVG_006	Mechwarper	Minion	2	2	3	NA	Your Mechs cost (1) less.	Aura	NA	Goblins vs Gnomes	Common
GVG_103	Micro Machine	Minion	2	1	2	NA	At the start of each turn, gain +1 Attack.	NA	NA	Goblins vs Gnomes	Common
GVG_018	Mistress of Pain	Minion	2	1	4	NA	Whenever this minion deals damage, restore that much Health to your hero.	NA	Warlock	Goblins vs Gnomes	Rare
GVG_025	One-eyed Cheat	Minion	2	4	1	NA	Whenever you summon a Pirate, gain <b>Stealth</b>.	NA	Rogue	Goblins vs Gnomes	Rare
GVG_064	Puddlestomper	Minion	2	3	2	NA	NA	NA	NA	Goblins vs Gnomes	Common
GVG_108	Recombobulator	Minion	2	3	2	NA	<b>Battlecry:</b> Transform a friendly minion into a random minion with the same Cost.	Battlecry	NA	Goblins vs Gnomes	Epic
GVG_072	Shadowboxer	Minion	2	2	3	NA	Whenever a character is healed, deal 1 damage to a random enemy.	NA	Priest	Goblins vs Gnomes	Rare
GVG_058	Shielded Minibot	Minion	2	2	2	NA	<b>Divine Shield</b>	Divine Shield	Paladin	Goblins vs Gnomes	Common
GVG_075	Ship's Cannon	Minion	2	2	3	NA	After you summon a Pirate, deal 2 damage to a random enemy.	NA	NA	Goblins vs Gnomes	Common
GVG_011	Shrinkmeister	Minion	2	3	2	NA	<b>Battlecry:</b> Give a minion -2 Attack this turn.	Battlecry	Priest	Goblins vs Gnomes	Common
GVG_002	Snowchugger	Minion	2	2	3	NA	<b>Freeze</b> any character damaged by this minion.	Freeze	Mage	Goblins vs Gnomes	Common
GVG_087	Steamwheedle Sniper	Minion	2	2	3	NA	Your Hero Power can target minions.	NA	Hunter	Goblins vs Gnomes	Epic
GVG_067	Stonesplinter Trogg	Minion	2	2	3	NA	Whenever your opponent casts a spell, gain +1 Attack.	NA	NA	Goblins vs Gnomes	Common
GVG_039	Vitality Totem	Minion	2	0	3	NA	At the end of your turn, restore 4 Health to your hero.	NA	Shaman	Goblins vs Gnomes	Rare
GVG_037	Whirling Zap-o-matic	Minion	2	3	2	NA	<b>Windfury</b>	Windfury	Shaman	Goblins vs Gnomes	Common
GVG_084	Flying Machine	Minion	3	1	4	NA	<b>Windfury</b>	Windfury	NA	Goblins vs Gnomes	Common
GVG_098	Gnomeregan Infantry	Minion	3	1	4	NA	<b>Charge</b><b>Taunt</b>	Charge	NA	Goblins vs Gnomes	Common
GVG_092	Gnomish Experimenter	Minion	3	3	2	NA	<b>Battlecry:</b> Draw a card. If it's a minion, transform it into a Chicken.	Battlecry	NA	Goblins vs Gnomes	Rare
GVG_095	Goblin Sapper	Minion	3	2	4	NA	Has +4 Attack while your opponent has 6 or more cards in hand.	Aura	NA	Goblins vs Gnomes	Rare
GVG_032	Grove Tender	Minion	3	2	4	NA	<b>Choose One -</b> Give each player a Mana Crystal; or Each player draws a card.	NA	Druid	Goblins vs Gnomes	Rare
GVG_104	Hobgoblin	Minion	3	2	3	NA	Whenever you play a 1-Attack minion, give it +2/+2.	NA	NA	Goblins vs Gnomes	Epic
GVG_089	Illuminator	Minion	3	2	4	NA	If you control a <b>Secret</b> at the end of your turn, restore 4 Health to your hero.	NA	NA	Goblins vs Gnomes	Rare
GVG_027	Iron Sensei	Minion	3	2	2	NA	At the end of your turn, give another friendly Mech +2/+2.	NA	Rogue	Goblins vs Gnomes	Rare
GVG_097	Lil' Exorcist	Minion	3	2	3	NA	<b>Taunt</b><b>Battlecry:</b> Gain +1/+1 for each enemy <b>Deathrattle</b> minion.	Taunt	NA	Goblins vs Gnomes	Rare
GVG_048	Metaltooth Leaper	Minion	3	3	3	NA	<b>Battlecry</b>: Give your other Mechs +2 Attack.	Battlecry	Hunter	Goblins vs Gnomes	Rare
GVG_065	Ogre Brute	Minion	3	4	4	NA	50% chance to attack the wrong enemy.	NA	NA	Goblins vs Gnomes	Common
GVG_101	Scarlet Purifier	Minion	3	4	3	NA	<b>Battlecry</b>: Deal 2 damage to all minions with <b>Deathrattle</b>.	Battlecry	Paladin	Goblins vs Gnomes	Rare
GVG_123	Soot Spewer	Minion	3	3	3	NA	<b>Spell Damage +1</b>	Spell Damage	Mage	Goblins vs Gnomes	Rare
GVG_044	Spider Tank	Minion	3	3	4	NA	NA	NA	NA	Goblins vs Gnomes	Common
GVG_102	Tinkertown Technician	Minion	3	3	3	NA	<b>Battlecry:</b> If you have a Mech, gain +1/+1 and add a <b>Spare Part</b> to your hand.	Battlecry	NA	Goblins vs Gnomes	Common
GVG_091	Arcane Nullifier X-21	Minion	4	2	5	NA	<b>Taunt</b>Can't be targeted by spells or Hero Powers.	Taunt	NA	Goblins vs Gnomes	Rare
GVG_068	Burly Rockjaw Trogg	Minion	4	3	5	NA	Whenever your opponent casts a spell, gain +2 Attack.	NA	NA	Goblins vs Gnomes	Common
GVG_066	Dunemaul Shaman	Minion	4	5	4	NA	<b>Windfury, Overload: (1)</b>50% chance to attack the wrong enemy.	Windfury	Shaman	Goblins vs Gnomes	Rare
GVG_107	Enhance-o Mechano	Minion	4	3	2	NA	<b>Battlecry:</b> Give your other minions <b>Windfury</b>, <b>Taunt</b>, or <b>Divine Shield</b>.<i>(at random)</i>	Battlecry	NA	Goblins vs Gnomes	Epic
GVG_020	Fel Cannon	Minion	4	3	5	NA	At the end of your turn, deal 2 damage to a non-Mech minion.	NA	Warlock	Goblins vs Gnomes	Rare
GVG_004	Goblin Blastmage	Minion	4	5	4	NA	<b>Battlecry:</b> If you have a Mech, deal 4 damage randomly split among all enemies.	Battlecry	Mage	Goblins vs Gnomes	Rare
GVG_094	Jeeves	Minion	4	1	4	NA	At the end of each player's turn, that player draws until they have 3 cards.	NA	NA	Goblins vs Gnomes	Rare
GVG_074	Kezan Mystic	Minion	4	4	3	NA	<b>Battlecry:</b> Take control of a random enemy <b>Secret</b>.	Battlecry	NA	Goblins vs Gnomes	Rare
GVG_071	Lost Tallstrider	Minion	4	5	4	NA	NA	NA	NA	Goblins vs Gnomes	Common
GVG_078	Mechanical Yeti	Minion	4	4	5	NA	<b>Deathrattle:</b> Give each player a <b>Spare Part.</b>	Deathrattle	NA	Goblins vs Gnomes	Common
GVG_109	Mini-Mage	Minion	4	4	1	NA	<b>Stealth</b><b>Spell Damage +1</b>	Spell Damage	NA	Goblins vs Gnomes	Epic
GVG_096	Piloted Shredder	Minion	4	4	3	NA	<b>Deathrattle:</b> Summon a random 2-Cost minion.	Deathrattle	NA	Goblins vs Gnomes	Common
GVG_055	Screwjank Clunker	Minion	4	2	5	NA	<b>Battlecry</b>: Give a friendly Mech +2/+2.	Battlecry	Warrior	Goblins vs Gnomes	Rare
GVG_040	Siltfin Spiritwalker	Minion	4	2	5	NA	Whenever another friendly Murloc dies, draw a card. <b>Overload</b>: (1)	Overload	Shaman	Goblins vs Gnomes	Epic
GVG_122	Wee Spellstopper	Minion	4	2	5	NA	Adjacent minions can't be targeted by spells or Hero Powers.	Aura	Mage	Goblins vs Gnomes	Epic
GVG_069	Antique Healbot	Minion	5	3	3	NA	<b>Battlecry:</b> Restore 8 Health to your hero.	Battlecry	NA	Goblins vs Gnomes	Common
GVG_119	Blingtron 3000	Minion	5	3	4	NA	<b>Battlecry:</b> Equip a random weapon for each player.	Battlecry	NA	Goblins vs Gnomes	Legendary
GVG_063	Bolvar Fordragon	Minion	5	1	7	NA	Whenever a friendly minion dies while this is in your hand, gain +1 Attack.	NA	Paladin	Goblins vs Gnomes	Legendary
GVG_099	Bomb Lobber	Minion	5	3	3	NA	<b>Battlecry:</b> Deal 4 damage to a random enemy minion.	Battlecry	NA	Goblins vs Gnomes	Rare
GVG_062	Cobalt Guardian	Minion	5	6	3	NA	Whenever you summon a Mech, gain <b>Divine Shield</b>.	NA	Paladin	Goblins vs Gnomes	Rare
GVG_080	Druid of the Fang	Minion	5	4	4	NA	<b>Battlecry:</b> If you have a Beast, transform this minion into a 7/7.	Battlecry	Druid	Goblins vs Gnomes	Common
GVG_016	Fel Reaver	Minion	5	8	8	NA	Whenever your opponent plays a card, remove the top 3 cards of your deck.	NA	NA	Goblins vs Gnomes	Epic
GVG_100	Floating Watcher	Minion	5	4	4	NA	Whenever your hero takes damage on your turn, gain +2/+2.	NA	Warlock	Goblins vs Gnomes	Common
GVG_120	Hemet Nesingwary	Minion	5	6	3	NA	<b>Battlecry:</b> Destroy a Beast.	Battlecry	NA	Goblins vs Gnomes	Legendary
GVG_106	Junkbot	Minion	5	1	5	NA	Whenever a friendly Mech dies, gain +2/+2.	NA	NA	Goblins vs Gnomes	Epic
GVG_046	King of Beasts	Minion	5	2	6	NA	<b>Taunt</b>. <b>Battlecry:</b> Gain +1 Attack for each other Beast you have.	Battlecry	Hunter	Goblins vs Gnomes	Rare
GVG_090	Madder Bomber	Minion	5	5	4	NA	<b>Battlecry:</b> Deal 6 damage randomly split between all other characters.	Battlecry	NA	Goblins vs Gnomes	Rare
GVG_111	Mimiron's Head	Minion	5	4	5	NA	At the start of your turn, if you have at least 3 Mechs, destroy them all and form V-07-TR-0N.	NA	NA	Goblins vs Gnomes	Legendary
GVG_088	Ogre Ninja	Minion	5	6	6	NA	<b>Stealth</b>50% chance to attack the wrong enemy.	Stealth	Rogue	Goblins vs Gnomes	Rare
GVG_060	Quartermaster	Minion	5	2	5	NA	<b>Battlecry:</b> Give your Silver Hand Recruits +2/+2.	Battlecry	Paladin	Goblins vs Gnomes	Epic
GVG_070	Salty Dog	Minion	5	7	4	NA	NA	NA	NA	Goblins vs Gnomes	Common
GVG_086	Siege Engine	Minion	5	5	5	NA	Whenever you gain Armor, give this minion +1 Attack.	NA	Warrior	Goblins vs Gnomes	Rare
GVG_083	Upgraded Repair Bot	Minion	5	5	5	NA	<b>Battlecry:</b> Give a friendly Mech +4 Health.	Battlecry	Priest	Goblins vs Gnomes	Rare
GVG_014	Vol'jin	Minion	5	6	2	NA	<b>Battlecry:</b> Swap Health with another minion.	Battlecry	Priest	Goblins vs Gnomes	Legendary
GVG_077	Anima Golem	Minion	6	9	9	NA	At the end of each turn, destroy this minion if it's your only one.	NA	Warlock	Goblins vs Gnomes	Epic
GVG_117	Gazlowe	Minion	6	3	6	NA	Whenever you cast a 1-mana spell, add a random Mech to your hand.	NA	NA	Goblins vs Gnomes	Legendary
GVG_056	Iron Juggernaut	Minion	6	6	5	NA	<b>Battlecry:</b> Shuffle a Mine into your opponent's deck. When drawn, it explodes for 10 damage.	Battlecry	Warrior	Goblins vs Gnomes	Legendary
GVG_034	Mech-Bear-Cat	Minion	6	7	6	NA	Whenever this minion takes damage, add a <b>Spare Part</b> card to your hand.	NA	Druid	Goblins vs Gnomes	Rare
GVG_112	Mogor the Ogre	Minion	6	7	6	NA	All minions have a 50% chance to attack the wrong enemy.	NA	NA	Goblins vs Gnomes	Legendary
GVG_105	Piloted Sky Golem	Minion	6	6	4	NA	<b>Deathrattle:</b> Summon a random 4-Cost minion.	Deathrattle	NA	Goblins vs Gnomes	Epic
GVG_053	Shieldmaiden	Minion	6	5	5	NA	<b>Battlecry:</b> Gain 5 Armor.	Battlecry	Warrior	Goblins vs Gnomes	Rare
GVG_115	Toshley	Minion	6	5	7	NA	<b>Battlecry and Deathrattle:</b> Add a <b>Spare Part</b> card to your hand.	Battlecry	NA	Goblins vs Gnomes	Legendary
GVG_028	Trade Prince Gallywix	Minion	6	5	8	NA	Whenever your opponent casts a spell, gain a copy of it and give them a Coin.	NA	Rogue	Goblins vs Gnomes	Legendary
GVG_110	Dr. Boom	Minion	7	7	7	NA	<b>Battlecry</b>: Summon two 1/1 Boom Bots. <i>WARNING: Bots may explode.</i>	Battlecry	NA	Goblins vs Gnomes	Legendary
GVG_007	Flame Leviathan	Minion	7	7	7	NA	When you draw this, deal 2 damage to all characters.	NA	Mage	Goblins vs Gnomes	Legendary
GVG_049	Gahz'rilla	Minion	7	6	9	NA	Whenever this minion takes damage, double its Attack.	NA	Hunter	Goblins vs Gnomes	Legendary
GVG_035	Malorne	Minion	7	9	7	NA	<b>Deathrattle:</b> Shuffle this minion into your deck.	Deathrattle	Druid	Goblins vs Gnomes	Legendary
GVG_042	Neptulon	Minion	7	7	7	NA	<b>Battlecry:</b> Add 4 random Murlocs to your hand. <b>Overload:</b> (3)	Battlecry	Shaman	Goblins vs Gnomes	Legendary
GVG_118	Troggzor the Earthinator	Minion	7	6	6	NA	Whenever your opponent casts a spell, summon a Burly Rockjaw Trogg.	NA	NA	Goblins vs Gnomes	Legendary
GVG_113	Foe Reaper 4000	Minion	8	6	9	NA	Also damages the minions next to whomever he attacks.	NA	NA	Goblins vs Gnomes	Legendary
GVG_079	Force-Tank MAX	Minion	8	7	7	NA	<b>Divine Shield</b>	Divine Shield	NA	Goblins vs Gnomes	Common
GVG_114	Sneed's Old Shredder	Minion	8	5	7	NA	<b>Deathrattle:</b> Summon a random <b>Legendary</b> minion.	Deathrattle	NA	Goblins vs Gnomes	Legendary
GVG_021	Mal'Ganis	Minion	9	9	7	NA	Your other Demons have +2/+2.Your hero is <b>Immune</b>.	Aura	Warlock	Goblins vs Gnomes	Legendary
GVG_116	Mekgineer Thermaplugg	Minion	9	9	7	NA	Whenever an enemy minion dies, summon a Leper Gnome.	NA	NA	Goblins vs Gnomes	Legendary
GVG_121	Clockwork Giant	Minion	12	8	8	NA	Costs (1) less for each card in your opponent's hand.	NA	NA	Goblins vs Gnomes	Epic
FP1_028	Undertaker	Minion	1	1	2	NA	Whenever you summon a minion with <b>Deathrattle</b>, gain +1 Attack.	NA	NA	Naxxramas	Common
FP1_011	Webspinner	Minion	1	1	1	NA	<b>Deathrattle:</b> Add a random Beast card to your hand.	Deathrattle	Hunter	Naxxramas	Common
FP1_001	Zombie Chow	Minion	1	2	3	NA	<b>Deathrattle:</b> Restore 5 Health to the enemy hero.	Deathrattle	NA	Naxxramas	Common
FP1_003	Echoing Ooze	Minion	2	1	2	NA	<b>Battlecry:</b> Summon an exact copy of this minion at the end of the turn.	Battlecry	NA	Naxxramas	Epic
FP1_002	Haunted Creeper	Minion	2	1	2	NA	<b>Deathrattle:</b> Summon two 1/1 Spectral Spiders.	Deathrattle	NA	Naxxramas	Common
FP1_004	Mad Scientist	Minion	2	2	2	NA	<b>Deathrattle:</b> Put a <b>Secret</b> from your deck into the battlefield.	Deathrattle	NA	Naxxramas	Common
FP1_017	Nerub'ar Weblord	Minion	2	1	4	NA	Minions with <b>Battlecry</b> cost (2) more.	Aura	NA	Naxxramas	Common
FP1_007	Nerubian Egg	Minion	2	0	2	NA	<b>Deathrattle:</b> Summon a 4/4 Nerubian.	Deathrattle	NA	Naxxramas	Rare
FP1_024	Unstable Ghoul	Minion	2	1	3	NA	<b>Taunt</b>. <b>Deathrattle:</b> Deal 1 damage to all minions.	Taunt	NA	Naxxramas	Common
FP1_029	Dancing Swords	Minion	3	4	4	NA	<b>Deathrattle:</b> Your opponent draws a card.	Deathrattle	NA	Naxxramas	Common
FP1_023	Dark Cultist	Minion	3	3	4	NA	<b>Deathrattle:</b> Give a random friendly minion +3 Health.	Deathrattle	Priest	Naxxramas	Common
FP1_009	Deathlord	Minion	3	2	8	NA	<b>Taunt. Deathrattle:</b> Your opponent puts a minion from their deck into the battlefield.	Taunt	NA	Naxxramas	Rare
FP1_005	Shade of Naxxramas	Minion	3	2	2	NA	<b>Stealth.</b> At the start of your turn, gain +1/+1.	Stealth	NA	Naxxramas	Epic
FP1_027	Stoneskin Gargoyle	Minion	3	1	4	NA	At the start of your turn, restore this minion to full Health.	NA	NA	Naxxramas	Common
FP1_026	Anub'ar Ambusher	Minion	4	5	5	NA	<b>Deathrattle:</b> Return a random friendly minion to your hand.	Deathrattle	Rogue	Naxxramas	Common
FP1_031	Baron Rivendare	Minion	4	1	7	NA	Your minions trigger their <b>Deathrattles</b> twice.	Aura	NA	Naxxramas	Legendary
FP1_022	Voidcaller	Minion	4	3	4	NA	<b>Deathrattle:</b> Put a random Demon from your hand into the battlefield.	Deathrattle	Warlock	Naxxramas	Common
FP1_016	Wailing Soul	Minion	4	3	5	NA	<b>Battlecry: Silence</b> your other minions.	Battlecry	NA	Naxxramas	Rare
FP1_015	Feugen	Minion	5	4	7	NA	<b>Deathrattle:</b> If Stalagg also died this game, summon Thaddius.	Deathrattle	NA	Naxxramas	Legendary
FP1_030	Loatheb	Minion	5	5	5	NA	<b>Battlecry:</b> Enemy spells cost (5) more next turn.	Battlecry	NA	Naxxramas	Legendary
FP1_012	Sludge Belcher	Minion	5	3	5	NA	<b>Taunt.Deathrattle:</b> Summon a 1/2 Slime with <b>Taunt</b>.	Taunt	NA	Naxxramas	Rare
FP1_008	Spectral Knight	Minion	5	4	6	NA	Can't be targeted by spells or Hero Powers.	NA	NA	Naxxramas	Common
FP1_014	Stalagg	Minion	5	7	4	NA	<b>Deathrattle:</b> If Feugen also died this game, summon Thaddius.	Deathrattle	NA	Naxxramas	Legendary
FP1_010	Maexxna	Minion	6	2	8	NA	Destroy any minion damaged by this minion.	Poisonous	NA	Naxxramas	Legendary
FP1_013	Kel'Thuzad	Minion	8	6	8	NA	At the end of each turn, summon all friendly minions that died this turn.	NA	NA	Naxxramas	Legendary
PRO_001	Elite Tauren Chieftain	Minion	5	5	5	NA	<b>Battlecry:</b> Give both players the power to ROCK! (with a Power Chord card)	Battlecry	NA	Promotion	Legendary
EX1_112	Gelbin Mekkatorque	Minion	6	6	6	NA	<b>Battlecry:</b> Summon an AWESOME invention.	Battlecry	NA	Promotion	Legendary
AT_059	Brave Archer	Minion	1	2	1	NA	<b>Inspire:</b> If your hand is empty, deal 2 damage to the enemy hero.	Inspire	Hunter	The Grand Tournament	Common
AT_029	Buccaneer	Minion	1	2	1	NA	Whenever you equip a weapon, give it +1 Attack.	NA	Rogue	The Grand Tournament	Common
AT_133	Gadgetzan Jouster	Minion	1	1	2	NA	<b>Battlecry:</b> Reveal a minion in each deck. If yours costs more, gain +1/+1.	Battlecry	NA	The Grand Tournament	Common
AT_105	Injured Kvaldir	Minion	1	2	4	NA	<b>Battlecry:</b> Deal 3 damage to this minion.	Battlecry	NA	The Grand Tournament	Rare
AT_082	Lowly Squire	Minion	1	1	2	NA	<b>Inspire:</b> Gain +1 Attack.	Inspire	NA	The Grand Tournament	Common
AT_097	Tournament Attendee	Minion	1	2	1	NA	<b>Taunt</b>	Taunt	NA	The Grand Tournament	Common
AT_071	Alexstrasza's Champion	Minion	2	2	3	NA	<b>Battlecry:</b> If you're holding a Dragon, gain +1 Attack and <b>Charge</b>.	Battlecry	Warrior	The Grand Tournament	Rare
AT_109	Argent Watchman	Minion	2	2	4	NA	Can't attack.<b>Inspire:</b> Can attack as normal this turn.	Inspire	NA	The Grand Tournament	Rare
AT_089	Boneguard Lieutenant	Minion	2	3	2	NA	<b>Inspire:</b> Gain +1 Health.	Inspire	NA	The Grand Tournament	Common
AT_031	Cutpurse	Minion	2	2	2	NA	Whenever this minion attacks a hero, add the Coin to your hand.	NA	Rogue	The Grand Tournament	Rare
AT_038	Darnassus Aspirant	Minion	2	2	3	NA	<b>Battlecry:</b> Gain an empty Mana Crystal.<b>Deathrattle:</b> Lose a Mana Crystal.	Battlecry	Druid	The Grand Tournament	Rare
AT_042	Druid of the Saber	Minion	2	2	1	NA	<b>Choose One -</b> Transform to gain <b>Charge</b>; or +1/+1 and <b>Stealth</b>.	NA	Druid	The Grand Tournament	Common
AT_003	Fallen Hero	Minion	2	3	2	NA	Your Hero Power deals 1 extra damage.	NA	Mage	The Grand Tournament	Rare
AT_094	Flame Juggler	Minion	2	2	3	NA	<b>Battlecry:</b> Deal 1 damage to a random enemy.	Battlecry	NA	The Grand Tournament	Common
AT_080	Garrison Commander	Minion	2	2	3	NA	You can use your Hero Power twice a turn.	NA	NA	The Grand Tournament	Epic
AT_058	King's Elekk	Minion	2	3	2	NA	<b>Battlecry:</b> Reveal a minion in each deck. If yours costs more, draw it.	Battlecry	Hunter	The Grand Tournament	Common
AT_084	Lance Carrier	Minion	2	1	2	NA	<b>Battlecry:</b> Give a friendly minion +2 Attack.	Battlecry	NA	The Grand Tournament	Common
AT_069	Sparring Partner	Minion	2	3	2	NA	<b>Taunt</b><b>Battlecry:</b> Give aminion <b>Taunt</b>.	Taunt	Warrior	The Grand Tournament	Rare
AT_021	Tiny Knight of Evil	Minion	2	3	2	NA	Whenever you discard a card, gain +1/+1.	NA	Warlock	The Grand Tournament	Rare
AT_052	Totem Golem	Minion	2	3	4	NA	<b>Overload: (1)</b>	Overload	Shaman	The Grand Tournament	Common
AT_030	Undercity Valiant	Minion	2	3	2	NA	<b>Combo:</b> Deal 1 damage.	Combo	Rogue	The Grand Tournament	Common
AT_026	Wrathguard	Minion	2	4	3	NA	Whenever this minion takes damage, also deal that amount to your hero.	NA	Warlock	The Grand Tournament	Common
AT_116	Wyrmrest Agent	Minion	2	1	4	NA	<b>Battlecry:</b> If you're holding a Dragon, gain +1 Attack and <b>Taunt</b>.	Battlecry	Priest	The Grand Tournament	Rare
AT_087	Argent Horserider	Minion	3	2	1	NA	<b>Charge</b><b>Divine Shield</b>	Charge	NA	The Grand Tournament	Common
AT_110	Coliseum Manager	Minion	3	2	5	NA	<b>Inspire:</b> Return this minion to your hand.	Inspire	NA	The Grand Tournament	Rare
AT_083	Dragonhawk Rider	Minion	3	3	3	NA	<b>Inspire:</b> Gain <b>Windfury</b>this turn.	Inspire	NA	The Grand Tournament	Common
AT_063t	Dreadscale	Minion	3	4	2	NA	At the end of your turn, deal 1 damage to all other minions.	NA	Hunter	The Grand Tournament	Legendary
AT_131	Eydis Darkbane	Minion	3	3	4	NA	Whenever <b>you</b> target this minion with a spell, deal 3 damage to a random enemy.	NA	NA	The Grand Tournament	Legendary
AT_115	Fencing Coach	Minion	3	2	2	NA	<b>Battlecry:</b> The next time you use your Hero Power, it costs (2) less.	Battlecry	NA	The Grand Tournament	Rare
AT_129	Fjola Lightbane	Minion	3	3	4	NA	Whenever <b>you</b> target this minion with a spell, gain <b>Divine Shield.</b>	NA	NA	The Grand Tournament	Legendary
AT_092	Ice Rager	Minion	3	5	2	NA	NA	NA	NA	The Grand Tournament	Common
AT_106	Light's Champion	Minion	3	4	3	NA	<b>Battlecry:</b> <b>Silence</b> a Demon.	Battlecry	NA	The Grand Tournament	Rare
AT_117	Master of Ceremonies	Minion	3	4	2	NA	<b>Battlecry:</b> If you have a minion with <b>Spell Damage</b>, gain +2/+2.	Battlecry	NA	The Grand Tournament	Epic
AT_066	Orgrimmar Aspirant	Minion	3	3	3	NA	<b>Inspire:</b> Give your weapon +1 Attack.	Inspire	Warrior	The Grand Tournament	Common
AT_086	Saboteur	Minion	3	4	3	NA	<b>Battlecry:</b> Your opponent's Hero Power costs (5) more next turn.	Battlecry	NA	The Grand Tournament	Rare
AT_014	Shadowfiend	Minion	3	3	3	NA	Whenever you draw a card, reduce its Cost by (1).	NA	Priest	The Grand Tournament	Epic
AT_032	Shady Dealer	Minion	3	4	3	NA	<b>Battlecry:</b> If you have a Pirate, gain +1/+1.	Battlecry	Rogue	The Grand Tournament	Rare
AT_095	Silent Knight	Minion	3	2	2	NA	<b>Stealth</b><b>Divine Shield</b>	Divine Shield	NA	The Grand Tournament	Common
AT_100	Silver Hand Regent	Minion	3	3	3	NA	<b>Inspire:</b> Summon a 1/1 Silver Hand Recruit.	Inspire	NA	The Grand Tournament	Common
AT_007	Spellslinger	Minion	3	3	4	NA	<b>Battlecry:</b> Add a random spell to each player's hand.	Battlecry	Mage	The Grand Tournament	Common
AT_057	Stablemaster	Minion	3	4	2	NA	<b>Battlecry:</b> Give a friendly Beast <b>Immune</b> this turn.	Battlecry	Hunter	The Grand Tournament	Epic
AT_046	Tuskarr Totemic	Minion	3	3	2	NA	<b>Battlecry:</b> Summon ANY random Totem.	Battlecry	Shaman	The Grand Tournament	Common
AT_075	Warhorse Trainer	Minion	3	2	4	NA	Your Silver Hand Recruits have +1 Attack.	Aura	Paladin	The Grand Tournament	Common
AT_108	Armored Warhorse	Minion	4	5	3	NA	<b>Battlecry:</b> Reveal a minion in each deck. If yours costs more, gain <b>Charge</b>.	Battlecry	NA	The Grand Tournament	Rare
AT_121	Crowd Favorite	Minion	4	4	4	NA	Whenever you play a card with <b>Battlecry</b>, gain +1/+1.	NA	NA	The Grand Tournament	Epic
AT_006	Dalaran Aspirant	Minion	4	3	5	NA	<b>Inspire:</b> Gain <b>Spell Damage +1</b>.	Inspire	Mage	The Grand Tournament	Common
AT_047	Draenei Totemcarver	Minion	4	4	4	NA	<b>Battlecry:</b> Gain +1/+1 for each friendly Totem.	Battlecry	Shaman	The Grand Tournament	Rare
AT_019	Dreadsteed	Minion	4	1	1	NA	<b>Deathrattle:</b> Summon a Dreadsteed.	Deathrattle	Warlock	The Grand Tournament	Epic
AT_114	Evil Heckler	Minion	4	5	4	NA	<b>Taunt</b>	Taunt	NA	The Grand Tournament	Common
AT_093	Frigid Snobold	Minion	4	2	6	NA	<b>Spell Damage +1</b>	Spell Damage	NA	The Grand Tournament	Common
AT_122	Gormok the Impaler	Minion	4	4	4	NA	<b>Battlecry:</b> If you have at least 4 other minions, deal 4 damage.	Battlecry	NA	The Grand Tournament	Legendary
AT_011	Holy Champion	Minion	4	3	5	NA	Whenever a character is healed, gain +2 Attack.	NA	Priest	The Grand Tournament	Common
AT_067	Magnataur Alpha	Minion	4	5	3	NA	Also damages the minions next to whomeverhe attacks.	NA	Warrior	The Grand Tournament	Epic
AT_085	Maiden of the Lake	Minion	4	2	6	NA	Your Hero Power costs (1).	Aura	NA	The Grand Tournament	Common
AT_076	Murloc Knight	Minion	4	3	4	NA	<b>Inspire:</b> Summon a random Murloc.	Inspire	Paladin	The Grand Tournament	Common
AT_111	Refreshment Vendor	Minion	4	3	5	NA	<b>Battlecry:</b> Restore 4 Health to each hero.	Battlecry	NA	The Grand Tournament	Common
AT_039	Savage Combatant	Minion	4	5	4	NA	<b>Inspire:</b> Give your hero+2 Attack this turn.	Inspire	Druid	The Grand Tournament	Rare
AT_012	Spawn of Shadows	Minion	4	5	4	NA	<b>Inspire:</b> Deal 4 damage to each hero.	Inspire	Priest	The Grand Tournament	Rare
AT_091	Tournament Medic	Minion	4	1	8	NA	<b>Inspire:</b> Restore 2 Health to your hero.	Inspire	NA	The Grand Tournament	Common
AT_017	Twilight Guardian	Minion	4	2	6	NA	<b>Battlecry:</b> If you're holding a Dragon, gain +1 Attack and <b>Taunt</b>.	Battlecry	NA	The Grand Tournament	Epic
AT_040	Wildwalker	Minion	4	4	4	NA	<b>Battlecry:</b> Give a friendly Beast +3 Health.	Battlecry	Druid	The Grand Tournament	Common
AT_096	Clockwork Knight	Minion	5	5	5	NA	<b>Battlecry:</b> Give a friendly Mech +1/+1.	Battlecry	NA	The Grand Tournament	Common
AT_119	Kvaldir Raider	Minion	5	4	4	NA	<b>Inspire:</b> Gain +2/+2.	Inspire	NA	The Grand Tournament	Common
AT_090	Mukla's Champion	Minion	5	4	3	NA	<b>Inspire:</b> Give your other minions +1/+1.	Inspire	NA	The Grand Tournament	Common
AT_127	Nexus-Champion Saraad	Minion	5	4	5	NA	<b>Inspire:</b> Add a random spell to your hand.	Inspire	NA	The Grand Tournament	Legendary
AT_101	Pit Fighter	Minion	5	5	6	NA	NA	NA	NA	The Grand Tournament	Common
AT_010	Ram Wrangler	Minion	5	3	3	NA	<b>Battlecry:</b> If you have a Beast, summon arandom Beast.	Battlecry	Hunter	The Grand Tournament	Rare
AT_113	Recruiter	Minion	5	5	4	NA	<b>Inspire:</b> Add a 2/2 Squire to your hand.	Inspire	NA	The Grand Tournament	Epic
AT_028	Shado-Pan Rider	Minion	5	3	7	NA	<b>Combo:</b> Gain +3 Attack.	Combo	Rogue	The Grand Tournament	Common
AT_049	Thunder Bluff Valiant	Minion	5	3	6	NA	<b>Inspire:</b> Give your Totems +2 Attack.	Inspire	Shaman	The Grand Tournament	Rare
AT_104	Tuskarr Jouster	Minion	5	5	5	NA	<b>Battlecry:</b> Reveal a minion in each deck. If yours costs more, restore 7 Health to your hero.	Battlecry	Paladin	The Grand Tournament	Rare
AT_124	Bolf Ramshield	Minion	6	3	9	NA	Whenever your hero takes damage, this minion takes it instead.	NA	NA	The Grand Tournament	Legendary
AT_008	Coldarra Drake	Minion	6	6	6	NA	You can use your Hero Power any number of times.	NA	Mage	The Grand Tournament	Epic
AT_118	Grand Crusader	Minion	6	5	5	NA	<b>Battlecry:</b> Add a random Paladin card to your hand.	Battlecry	NA	The Grand Tournament	Epic
AT_132	Justicar Trueheart	Minion	6	6	3	NA	<b>Battlecry:</b> Replace your starting Hero Power with a better one.	Battlecry	NA	The Grand Tournament	Legendary
AT_099	Kodorider	Minion	6	3	5	NA	<b>Inspire:</b> Summon a 3/5 War Kodo.	Inspire	NA	The Grand Tournament	Epic
AT_112	Master Jouster	Minion	6	5	6	NA	<b>Battlecry:</b> Reveal a minion in each deck. If yours costs more, gain <b>Taunt</b> and <b>Divine Shield</b>.	Battlecry	NA	The Grand Tournament	Rare
AT_088	Mogor's Champion	Minion	6	8	5	NA	50% chance to attack the wrong enemy.	NA	NA	The Grand Tournament	Rare
AT_079	Mysterious Challenger	Minion	6	6	6	NA	<b>Battlecry:</b> Put one of each <b>Secret</b> from your deck into the battlefield.	Battlecry	Paladin	The Grand Tournament	Epic
AT_130	Sea Reaver	Minion	6	6	7	NA	When you draw this, deal 1 damage to your minions.	NA	Warrior	The Grand Tournament	Epic
AT_098	Sideshow Spelleater	Minion	6	6	5	NA	<b>Battlecry:</b> Copy your opponent's Hero Power.	Battlecry	NA	The Grand Tournament	Epic
AT_054	The Mistcaller	Minion	6	4	4	NA	<b>Battlecry:</b> Give all minions in your hand and deck +1/+1.	Battlecry	Shaman	The Grand Tournament	Legendary
AT_128	The Skeleton Knight	Minion	6	7	4	NA	<b>Deathrattle:</b> Reveal a minion in each deck. If yours costs more, return this to your hand.	Deathrattle	NA	The Grand Tournament	Legendary
AT_023	Void Crusher	Minion	6	5	4	NA	<b>Inspire:</b> Destroy a random minion for each player.	Inspire	Warlock	The Grand Tournament	Rare
AT_027	Wilfred Fizzlebang	Minion	6	4	4	NA	Cards you draw from your Hero Power cost (0).	NA	Warlock	The Grand Tournament	Legendary
AT_063	Acidmaw	Minion	7	4	2	NA	Whenever another minion takes damage, destroy it.	NA	Hunter	The Grand Tournament	Legendary
AT_102	Captured Jormungar	Minion	7	5	9	NA	NA	NA	NA	The Grand Tournament	Common
AT_123	Chillmaw	Minion	7	6	6	NA	<b>Taunt</b><b>Deathrattle:</b> If you're holding a Dragon, deal 3 damage to all minions.	Deathrattle	NA	The Grand Tournament	Legendary
AT_018	Confessor Paletress	Minion	7	5	4	NA	<b>Inspire:</b> Summon a random <b>Legendary</b> minion.	Inspire	Priest	The Grand Tournament	Legendary
AT_081	Eadric the Pure	Minion	7	3	7	NA	<b>Battlecry:</b> Change all enemy minions'Attack to 1.	Battlecry	Paladin	The Grand Tournament	Legendary
AT_020	Fearsome Doomguard	Minion	7	6	8	NA	NA	NA	Warlock	The Grand Tournament	Common
AT_041	Knight of the Wild	Minion	7	6	6	NA	Whenever you summon a Beast, reduce the Cost of this card by (1).	NA	Druid	The Grand Tournament	Rare
AT_070	Skycap'n Kragg	Minion	7	4	6	NA	<b>Charrrrrge</b>Costs (1) less for each friendly Pirate.	Charge	NA	The Grand Tournament	Legendary
AT_009	Rhonin	Minion	8	7	7	NA	<b>Deathrattle:</b> Add 3 copies of Arcane Missiles to your hand.	Deathrattle	Mage	The Grand Tournament	Legendary
AT_036	Anub'arak	Minion	9	8	4	NA	<b>Deathrattle:</b> Return this to your hand and summon a 4/4 Nerubian.	Deathrattle	Rogue	The Grand Tournament	Legendary
AT_045	Aviana	Minion	9	5	5	NA	Your minions cost (1).	Aura	Druid	The Grand Tournament	Legendary
AT_125	Icehowl	Minion	9	10	10	NA	<b>Charge</b>Can't attack heroes.	Charge	NA	The Grand Tournament	Legendary
AT_103	North Sea Kraken	Minion	9	9	7	NA	<b>Battlecry:</b> Deal 4 damage.	Battlecry	NA	The Grand Tournament	Common
AT_120	Frost Giant	Minion	10	8	8	NA	Costs (1) less for each time you used your Hero Power this game.	NA	NA	The Grand Tournament	Epic
AT_072	Varian Wrynn	Minion	10	7	7	NA	<b>Battlecry:</b> Draw 3 cards.Put any minions you drew directly into the battlefield.	Battlecry	Warrior	The Grand Tournament	Legendary
LOEA10_3	Murloc Tinyfin	Minion	0	1	1	NA	NA	NA	NA	The League of Explorers	Common
LOE_010	Pit Snake	Minion	1	2	1	NA	Destroy any minion damaged by this minion.	Poisonous	Rogue	The League of Explorers	Common
LOE_116	Reliquary Seeker	Minion	1	1	1	NA	<b>Battlecry:</b> If you have 6 other minions, gain +4/+4.	Battlecry	Warlock	The League of Explorers	Rare
LOE_076	Sir Finley Mrrgglton	Minion	1	1	3	NA	<b>Battlecry: Discover</b> a new basic Hero Power.	Battlecry	NA	The League of Explorers	Legendary
LOE_018	Tunnel Trogg	Minion	1	1	3	NA	Whenever you <b>Overload</b>, gain +1 Attack per locked Mana Crystal.	NA	Shaman	The League of Explorers	Common
LOE_023	Dark Peddler	Minion	2	2	2	NA	<b>Battlecry: Discover</b> a1-Cost card.	Battlecry	Warlock	The League of Explorers	Common
LOE_046	Huge Toad	Minion	2	3	2	NA	<b>Deathrattle:</b> Deal 1 damage to a random enemy.	Deathrattle	NA	The League of Explorers	Common
LOE_029	Jeweled Scarab	Minion	2	1	1	NA	<b>Battlecry: Discover</b> a3-Cost card.	Battlecry	NA	The League of Explorers	Common
LOE_006	Museum Curator	Minion	2	1	2	NA	<b>Battlecry: Discover</b> a <b>Deathrattle</b> card.	Battlecry	Priest	The League of Explorers	Common
LOE_077	Brann Bronzebeard	Minion	3	2	4	NA	Your <b>Battlecries</b> trigger twice.	Aura	NA	The League of Explorers	Legendary
LOE_020	Desert Camel	Minion	3	2	4	NA	<b>Battlecry:</b> Put a 1-Cost minion from each deck into the battlefield.	Battlecry	Hunter	The League of Explorers	Common
LOE_022	Fierce Monkey	Minion	3	3	4	NA	<b>Taunt</b>	Taunt	Warrior	The League of Explorers	Common
LOE_050	Mounted Raptor	Minion	3	3	2	NA	<b>Deathrattle:</b> Summon a random 1-Cost minion.	Deathrattle	Druid	The League of Explorers	Common
LOE_019	Unearthed Raptor	Minion	3	3	4	NA	<b>Battlecry:</b> Choose a friendly minion. Gain a copy of its <b>Deathrattle</b> effect.	Battlecry	Rogue	The League of Explorers	Rare
LOE_110	Ancient Shade	Minion	4	7	4	NA	<b>Battlecry:</b> Shuffle an 'Ancient Curse' into your deck that deals 7 damage to you when drawn.	Battlecry	NA	The League of Explorers	Rare
LOE_119	Animated Armor	Minion	4	4	4	NA	Your hero can only take 1 damage at a time.	NA	Mage	The League of Explorers	Rare
LOE_107	Eerie Statue	Minion	4	7	7	NA	Can¡¯t attack unless it¡¯s the only minion in the battlefield.	NA	NA	The League of Explorers	Rare
LOE_079	Elise Starseeker	Minion	4	3	5	NA	<b>Battlecry:</b> Shuffle the 'Map to the Golden Monkey'   into your deck.	Battlecry	NA	The League of Explorers	Legendary
LOE_039	Gorillabot A-3	Minion	4	3	4	NA	<b>Battlecry:</b> If you control another Mech, <b>Discover</b> a Mech.	Battlecry	NA	The League of Explorers	Common
LOE_051	Jungle Moonkin	Minion	4	4	4	NA	Both players have<b>Spell Damage +2</b>.	Spell Damage	Druid	The League of Explorers	Rare
LOE_017	Keeper of Uldaman	Minion	4	3	4	NA	<b>Battlecry:</b> Set a minion's Attack and Health to 3.	Battlecry	Paladin	The League of Explorers	Common
LOE_016	Rumbling Elemental	Minion	4	2	6	NA	After you play a <b>Battlecry</b> minion, deal 2 damage to a random enemy.	NA	Shaman	The League of Explorers	Common
LOE_012	Tomb Pillager	Minion	4	5	4	NA	<b>Deathrattle:</b> Add a Coin to your hand.	Deathrattle	Rogue	The League of Explorers	Common
LOE_047	Tomb Spider	Minion	4	3	3	NA	<b>Battlecry: Discover</b> a Beast.	Battlecry	NA	The League of Explorers	Common
LOE_061	Anubisath Sentinel	Minion	5	4	4	NA	<b>Deathrattle:</b> Give a random friendly minion +3/+3.	Deathrattle	NA	The League of Explorers	Common
LOE_053	Djinni of Zephyrs	Minion	5	4	6	NA	After you cast a spell on another friendly minion, cast a copy of it on this one.	NA	NA	The League of Explorers	Epic
OE_003	Ethereal Conjurer	Minion	5	6	3	NA	<b>Battlecry: Discover</b> a spell.	Battlecry	Mage	The League of Explorers	Common
LOE_038	Naga Sea Witch	Minion	5	5	5	NA	Your cards cost (5).	Aura	NA	The League of Explorers	Epic
LOE_086	Summoning Stone	Minion	5	0	6	NA	Whenever you cast a spell, summon a random minion of the same Cost.	NA	NA	The League of Explorers	Rare
LOE_011	Reno Jackson	Minion	6	4	6	NA	<b>Battlecry:</b> If your deck contains no more than 1 of any card, fully heal your hero.	Battlecry	NA	The League of Explorers	Legendary
LOE_089	Wobbling Runts	Minion	6	2	6	NA	<b>Deathrattle:</b> Summon three 2/2 Runts.	Deathrattle	NA	The League of Explorers	Rare
LOE_009	Obsidian Destroyer	Minion	7	7	7	NA	At the end of your turn, summon a 1/1 Scarab with <b>Taunt</b>.	NA	Warrior	The League of Explorers	Common
LOE_073	Fossilized Devilsaur	Minion	8	8	8	NA	<b>Battlecry:</b> If you control a Beast, gain <b>Taunt</b>.	Battlecry	NA	The League of Explorers	Common
LOE_092	Arch-Thief Rafaam	Minion	9	7	8	NA	<b>Battlecry: Discover</b> a powerful Artifact.	Battlecry	NA	The League of Explorers	Legendary
